{
  "model/models.js": 1760584554263,
  "manifest.json": 1761219954290,
  "controller/Main.controller.js": 1761244367139,
  "controller/App.controller.js": 1760584554267,
  "i18n/i18n.properties": 1760584584699,
  "Component.js": 1760584554259,
  "Component-dbg.js": 1760584554259,
  "Component.js.map": 1761247188480,
  "controller/App-dbg.controller.js": 1760584554267,
  "controller/App.controller.js.map": 1761247188463,
  "model/models-dbg.js": 1760584554263,
  "model/models.js.map": 1761247188464,
  "controller/Main-dbg.controller.js": 1761244367139,
  "controller/Main.controller.js.map": 1761247188505,
  "Component-preload.js": 1761247188601,
  "Component-preload.js.map": 1761247188601,
  "view/fragments/CaseDetails.fragment.xml": 1761227221586,
  "view/Main.view.xml": 1761244805607,
  "view/App.view.xml": 1760584554271,
  "css/style.css": 1760584554271,
  "index.html": 1760584554259
}